epoch,train_total,train_bce,train_dice,train_consistency,train_center,validation_total,validation_bce,validation_dice,validation_consistency,validation_center
1,2.3288140445947647,0.9241153597831726,0.9472807347774506,0.029049850185401738,1.7134725823998451,2.3120992183685303,0.9215825200080872,0.9470891356468201,0.009745524264872074,1.7347280979156494
2,2.295837491750717,0.9159553535282612,0.9472363255918026,0.00430268156924285,1.7133726105093956,2.2903900146484375,0.9076728820800781,0.9470680952072144,0.001976832514628768,1.734688401222229
3,2.259972646832466,0.8819216638803482,0.9473304003477097,0.002145619480870664,1.7142998650670052,2.229442596435547,0.8462874293327332,0.9476988911628723,0.001892822445370257,1.734254002571106
4,2.1774517446756363,0.8013566248118877,0.9443589337170124,0.0029549388491432182,1.715124972164631,2.136141061782837,0.7624180316925049,0.9377499222755432,0.004296604078263044,1.7267056703567505
5,2.0682623460888863,0.7106014043092728,0.9269060827791691,0.004800660943146795,1.7038168907165527,2.0222461223602295,0.6735486388206482,0.9164463877677917,0.004856438841670752,1.7095788717269897
6,1.9565336629748344,0.6307596825063229,0.9043827690184116,0.007547882531071082,1.6553733721375465,1.9038960933685303,0.5960351824760437,0.8936589956283569,0.012300319969654083,1.6076064109802246
7,1.8433366194367409,0.5611082874238491,0.8830443136394024,0.01918926928192377,1.519979067146778,1.785512089729309,0.5329874157905579,0.8699460029602051,0.026415349915623665,1.42465341091156
8,1.7111204639077187,0.5046939551830292,0.8507763333618641,0.03173624654300511,1.2956557646393776,1.664733648300171,0.4845083951950073,0.8349539041519165,0.04227748140692711,1.2119754552841187
9,1.5911189168691635,0.45284871384501457,0.8218615800142288,0.04811386647634208,1.0731790252029896,1.5307623147964478,0.4405824840068817,0.8108393549919128,0.03216002508997917,0.9887219667434692
10,1.4388925582170486,0.4080500826239586,0.7863225564360619,0.029144928674213588,0.8614999279379845,1.3876065015792847,0.39896225929260254,0.7664132714271545,0.028762677684426308,0.7738732695579529
11,1.3020643442869186,0.3674314469099045,0.7432698905467987,0.027835066663101315,0.6541117466986179,1.269579291343689,0.3602854013442993,0.7291663885116577,0.029613932594656944,0.6020540595054626
12,1.174078606069088,0.32273022271692753,0.7023993730545044,0.02803265384864062,0.4836654495447874,1.114761233329773,0.3127003610134125,0.6724376678466797,0.02618248574435711,0.4137624204158783
13,1.0544211752712727,0.28700882755219936,0.6525274515151978,0.02775464695878327,0.3485209997743368,1.0151251554489136,0.27400025725364685,0.63164222240448,0.028063319623470306,0.32567745447158813
14,0.9674199670553207,0.26187572348862886,0.6104099005460739,0.028670470928773284,0.2658555218949914,0.9332053065299988,0.2545177638530731,0.5886646509170532,0.027612797915935516,0.24964019656181335
15,0.8938561715185642,0.2361143734306097,0.5738799721002579,0.031609824392944574,0.20900797937065363,0.8749827146530151,0.23857784271240234,0.5523196458816528,0.03239843621850014,0.2067471146583557
16,0.844312597066164,0.22084331139922142,0.5430375412106514,0.03608220559544861,0.17739816009998322,0.8279630541801453,0.2217429280281067,0.5273406505584717,0.03490673378109932,0.1758909821510315
17,0.8083501942455769,0.2087476933375001,0.5217896327376366,0.038552550598978996,0.15704128379002213,0.8028884530067444,0.20977099239826202,0.5087815523147583,0.0460943840444088,0.1529662013053894
18,0.77304258197546,0.19649506080895662,0.49952324107289314,0.043179634027183056,0.13537861220538616,0.769995391368866,0.20193743705749512,0.4993417263031006,0.032602787017822266,0.14445370435714722
19,0.7311368808150291,0.18711295910179615,0.47910742461681366,0.03433309309184551,0.12233362998813391,0.7269815802574158,0.191106379032135,0.47030025720596313,0.03400551155209541,0.12627765536308289
20,0.6966663189232349,0.176846481859684,0.4593825452029705,0.03376372193451971,0.10669426620006561,0.6990550756454468,0.175847589969635,0.4601060748100281,0.03479663282632828,0.11321890354156494
21,0.6711076386272907,0.16792197991162539,0.4429852329194546,0.03673767647705972,0.0938510475680232,0.6811598539352417,0.17551618814468384,0.4411352276802063,0.038990218192338943,0.10207287967205048
22,0.649747870862484,0.16275041922926903,0.42478765174746513,0.04080717684701085,0.08561048377305269,0.6641073226928711,0.16253145039081573,0.43159055709838867,0.046867746859788895,0.0924704521894455
23,0.6305698826909065,0.1540680779144168,0.41529705747962,0.04196347831748426,0.07696506381034851,0.6415223479270935,0.15847444534301758,0.4249942898750305,0.03637271001935005,0.08672364801168442
24,0.6037788316607475,0.1501972060650587,0.4007398970425129,0.0345991289941594,0.07297040149569511,0.617012619972229,0.15236876904964447,0.4094710946083069,0.03408241271972656,0.0843612477183342
25,0.5817447490990162,0.1434296015650034,0.3877592086791992,0.03373134997673333,0.06729840161278844,0.5923051238059998,0.14574289321899414,0.3953397274017334,0.03265973925590515,0.07425088435411453
26,0.5617608688771725,0.13970544142648578,0.3740691840648651,0.03186170116532594,0.06449817959219217,0.5746759176254272,0.14648276567459106,0.3795866370201111,0.030832236632704735,0.07109706848859787
27,0.5407450702041388,0.13452820153906941,0.3607313148677349,0.030963530181907117,0.05808810377493501,0.5546332597732544,0.14190931618213654,0.366271436214447,0.029531076550483704,0.06768589466810226
28,0.524118073284626,0.1306196772493422,0.34999731555581093,0.029384979628957808,0.05646438803523779,0.5512474775314331,0.14268238842487335,0.3615188002586365,0.0298770722001791,0.06867700815200806
29,0.5069229360669851,0.1262779925018549,0.33851002901792526,0.029076958890073,0.05223182286135852,0.5253872871398926,0.13110047578811646,0.3493669033050537,0.02958144061267376,0.06135397404432297
30,0.4894822593778372,0.11978462291881442,0.3282120153307915,0.02911757247056812,0.049472220707684755,0.5424460172653198,0.1543150395154953,0.3401241898536682,0.030683906748890877,0.06929127126932144
31,0.48179685696959496,0.11966741038486362,0.319977767765522,0.030164893600158393,0.047947121784090996,0.5038430690765381,0.13577161729335785,0.3233175277709961,0.030488332733511925,0.05706222355365753
32,0.46265227906405926,0.1128885936923325,0.3088446371257305,0.029950360069051385,0.043874745490029454,0.49051252007484436,0.1232740581035614,0.3223978877067566,0.03153963387012482,0.05320366472005844
33,0.4461264107376337,0.10756542533636093,0.2980225346982479,0.03057989163789898,0.039834243012592196,0.477021723985672,0.12724459171295166,0.3065407872200012,0.030690394341945648,0.050183724611997604
34,0.4343877136707306,0.10479060048237443,0.289923258125782,0.0304732380900532,0.03680245403666049,0.4659901559352875,0.12986136972904205,0.2936670184135437,0.030618324875831604,0.047373875975608826
35,0.42277279309928417,0.10149156907573342,0.28290341794490814,0.029553296975791454,0.03529801848344505,0.455982506275177,0.11010278016328812,0.3048480153083801,0.029619639739394188,0.04564831778407097
36,0.4136336874216795,0.098625841550529,0.27839040383696556,0.027825159835629165,0.03516915091313422,0.4437559247016907,0.1237412691116333,0.28165698051452637,0.027336709201335907,0.044083818793296814
37,0.40280115604400635,0.09768355498090386,0.27002574875950813,0.026525398599915206,0.034265803173184395,0.43167999386787415,0.11476745456457138,0.2789074778556824,0.026861146092414856,0.044575586915016174
38,0.39117725379765034,0.09378753509372473,0.2634388245642185,0.026018170872703195,0.03173087222967297,0.42134612798690796,0.11536262184381485,0.26933568716049194,0.026333428919315338,0.0412575788795948
39,0.37940514646470547,0.0916783926077187,0.25451304018497467,0.025707191554829478,0.030026071704924107,0.41220104694366455,0.10861458629369736,0.2673254609107971,0.026555726304650307,0.038821157068014145
40,0.3702171314507723,0.08637251751497388,0.2511155642569065,0.025806567980907857,0.02768991410266608,0.4121408760547638,0.108833909034729,0.2668686509132385,0.02645782195031643,0.039921943098306656
41,0.35973277129232883,0.08633676962926984,0.241300530731678,0.025375540019012988,0.026879729120992124,0.4020572006702423,0.10765156894922256,0.258584201335907,0.026226958259940147,0.03837789222598076
42,0.3549652639776468,0.0835031378082931,0.23932725563645363,0.025491596199572086,0.026573089533485472,0.3938201367855072,0.10211900621652603,0.2561517357826233,0.026368582621216774,0.036723289638757706
43,0.34359621442854404,0.08030045963823795,0.2314293012022972,0.025787249905988574,0.02431680611334741,0.38845372200012207,0.10839321464300156,0.24458009004592896,0.02650325931608677,0.03590861335396767
44,0.33587707579135895,0.07912090374156833,0.22518707439303398,0.025740311830304563,0.023315138998441398,0.3820442855358124,0.10582438111305237,0.24081778526306152,0.026499807834625244,0.035609226673841476
45,0.33323231898248196,0.07696310942992568,0.22423812374472618,0.026158794527873397,0.023489163140766323,0.3727303147315979,0.09926063567399979,0.23725128173828125,0.027863457798957825,0.03341982141137123
46,0.32505916990339756,0.07565933186560869,0.21647866815328598,0.027508948813192546,0.021648896392434835,0.37131088972091675,0.10315791517496109,0.23237895965576172,0.02757188491523266,0.03280859440565109
47,0.31858485750854015,0.07352250465191901,0.21310411021113396,0.026725850300863385,0.020929561578668654,0.3680506646633148,0.10307565331459045,0.23003166913986206,0.026767173781991005,0.03270473703742027
48,0.31340622901916504,0.07282458012923598,0.210133146494627,0.025306099909357727,0.020569587824866176,0.3547627627849579,0.09072860330343246,0.23045706748962402,0.025627007707953453,0.0318002924323082
49,0.3063285816460848,0.07190309255383909,0.2050347439944744,0.024294310715049505,0.020385719370096922,0.35787615180015564,0.10070236772298813,0.22383451461791992,0.024478809908032417,0.03544173762202263
50,0.30101190134882927,0.06996718281880021,0.20231566950678825,0.02371281129308045,0.020064945798367262,0.34685131907463074,0.09452962130308151,0.2198970913887024,0.02432134933769703,0.03241296857595444
51,0.29421916231513023,0.06939877662807703,0.19650472700595856,0.02353337430395186,0.019129142223391682,0.3419974446296692,0.09251350164413452,0.21764230728149414,0.023885658010840416,0.031823914498090744
52,0.2927039619535208,0.06774360244162381,0.19676396995782852,0.023258966393768787,0.019749691302422434,0.34919238090515137,0.09729009866714478,0.21941280364990234,0.023985790088772774,0.03401464223861694
53,0.2926291525363922,0.06928491778671741,0.19491814821958542,0.02332799357827753,0.020392366917803884,0.34034380316734314,0.09687445312738419,0.21167975664138794,0.02401564083993435,0.03109588287770748
54,0.2851036284118891,0.06636701175011694,0.19090672582387924,0.023120216093957424,0.018838684889487922,0.33536410331726074,0.09403675049543381,0.20974665880203247,0.023888474330306053,0.03076888807117939
55,0.28540128841996193,0.06741471192799509,0.1900179609656334,0.02299327135551721,0.019901353865861893,0.3343176245689392,0.0961717739701271,0.2066848874092102,0.0238284170627594,0.03053026646375656
56,0.27694012969732285,0.06380809750407934,0.18573136627674103,0.022802108200266957,0.01839421415934339,0.3300859034061432,0.09431224316358566,0.20502310991287231,0.023328745737671852,0.0296871867030859
57,0.2722450327128172,0.06401907675899565,0.18105855956673622,0.02270543505437672,0.017847865470685065,0.3220456540584564,0.08854227513074875,0.2029150128364563,0.023403486236929893,0.028739426285028458
58,0.2703489074483514,0.06251705321483314,0.18067500740289688,0.022593752364628017,0.01825237087905407,0.32876527309417725,0.09872674942016602,0.19928473234176636,0.023156747221946716,0.030388154089450836
59,0.2723704222589731,0.06421457370743155,0.18086103722453117,0.022614150075241923,0.018722668231930584,0.32244813442230225,0.08581838756799698,0.20579081773757935,0.023142116144299507,0.030787186697125435
60,0.26374056190252304,0.062339483527466655,0.17482303455471992,0.02228139468934387,0.01718658924801275,0.31679001450538635,0.09014328569173813,0.1965045928955078,0.02269618958234787,0.02978367544710636
61,0.2586385626345873,0.05974094825796783,0.1726948693394661,0.022032417939044535,0.016681330045685172,0.3164202868938446,0.09037064760923386,0.19592314958572388,0.022862372919917107,0.02905643917620182
62,0.2570963390171528,0.06023284699767828,0.1707802154123783,0.02185575885232538,0.01691008423222229,0.315227210521698,0.09352300316095352,0.19191503524780273,0.022810546681284904,0.027914464473724365
63,0.25814339239150286,0.059596492908895016,0.1721840798854828,0.0220200230833143,0.01737117924494669,0.31057316064834595,0.08717013150453568,0.19326812028884888,0.022826479747891426,0.029233740642666817
64,0.25130693055689335,0.05898892390541732,0.16609086841344833,0.02210036339238286,0.016507102584000677,0.30356037616729736,0.08717120438814163,0.1869337558746338,0.022574184462428093,0.027524910867214203
65,0.24936483893543482,0.05883526196703315,0.16463414579629898,0.0218636094359681,0.016127288981806487,0.31616559624671936,0.09008315950632095,0.19554811716079712,0.022928724065423012,0.030422499403357506
66,0.2498999834060669,0.05817412422038615,0.1658606082201004,0.021650869282893836,0.016857525857631117,0.30933868885040283,0.09579160809516907,0.18404227495193481,0.022499533370137215,0.028021084144711494
67,0.24502983875572681,0.057450648164376616,0.16171441972255707,0.021850483841262758,0.016057145781815052,0.3036731779575348,0.08851518481969833,0.18580657243728638,0.022438613697886467,0.027651213109493256
68,0.24311864841729403,0.05599905364215374,0.16142592206597328,0.021685552201233804,0.016032486397307366,0.30034393072128296,0.08398878574371338,0.1868996024131775,0.022680439054965973,0.027100475504994392
69,0.24121514149010181,0.05650994530878961,0.15891723334789276,0.021830872748978436,0.015828366100322455,0.305896133184433,0.09405972808599472,0.1823740005493164,0.022187747061252594,0.029098637402057648
70,0.23693699203431606,0.055513592436909676,0.15604201331734657,0.02151791995856911,0.015453861327841878,0.29721251130104065,0.08342918753623962,0.18447160720825195,0.022455794736742973,0.027423759922385216
71,0.23691168706864119,0.05561506887897849,0.15559792146086693,0.021777138696052134,0.01568623131606728,0.299904465675354,0.08859121799468994,0.18192893266677856,0.022199222818017006,0.028740426525473595
72,0.2338143391534686,0.053915548138320446,0.15436064079403877,0.02173513569869101,0.015212069381959736,0.3105255961418152,0.0925339087843895,0.18784284591674805,0.022519007325172424,0.030519306659698486
73,0.23494696244597435,0.05494201206602156,0.15449406951665878,0.021514099091291428,0.01598712708801031,0.2998273968696594,0.08963341265916824,0.18125033378601074,0.02178146503865719,0.028648724779486656
74,0.23315330874174833,0.054850490065291524,0.15294747054576874,0.021380690624937415,0.015898618788924068,0.2949528992176056,0.08998611569404602,0.17587810754776,0.022196948528289795,0.027566947042942047
75,0.22647979483008385,0.05230746907182038,0.14908163994550705,0.021453853347338736,0.014547326834872365,0.28922420740127563,0.0820307508111,0.17832309007644653,0.0221132542937994,0.02702840231359005
76,0.22172464989125729,0.05094514414668083,0.14575782790780067,0.021527698962017894,0.013975912879686803,0.28432145714759827,0.08480869978666306,0.17132407426834106,0.021868720650672913,0.025279885157942772
77,0.22014904022216797,0.05064832651987672,0.14470816403627396,0.021282093366608024,0.014041809889022261,0.3063793182373047,0.09979214519262314,0.17731595039367676,0.02214723266661167,0.0284959115087986
78,0.22413009591400623,0.051739688497036695,0.14740335196256638,0.0212989883730188,0.014752259652595967,0.3073890507221222,0.10255151987075806,0.17591124773025513,0.02165389247238636,0.02908954955637455
79,0.22247277107089758,0.05288926977664232,0.1449318826198578,0.020913751795887947,0.014951470075175166,0.29204121232032776,0.08424943685531616,0.1789684295654297,0.021916979923844337,0.02762548439204693
80,0.222732026129961,0.051682555582374334,0.1463472880423069,0.02088105829898268,0.015284504275768995,0.290759801864624,0.09615536779165268,0.1664692759513855,0.02172642946243286,0.02563486248254776
