update,actor_loss,critic_loss,imagined_reward_mean,imagined_return_mean,action_entropy
1,3.1494805812835693,19.95006561279297,-0.6663902401924133,-3.1523659229278564,2.8854379653930664
2,3.3645918369293213,21.892770767211914,-0.7151604294776917,-3.3674802780151367,2.888333559036255
3,3.152296304702759,20.96063804626465,-0.669951856136322,-3.155189275741577,2.892930746078491
4,3.299691677093506,21.2277889251709,-0.7031097412109375,-3.302586793899536,2.8952085971832275
5,3.2683966159820557,19.46851921081543,-0.6865366101264954,-3.2712953090667725,2.898754835128784
6,3.4514150619506836,21.146615982055664,-0.7301356196403503,-3.4543187618255615,2.903756856918335
7,3.328486442565918,21.114025115966797,-0.7044100761413574,-3.331393003463745,2.9065663814544678
8,3.2295494079589844,20.82220458984375,-0.6899030804634094,-3.2324588298797607,2.9093875885009766
9,3.1745965480804443,19.820730209350586,-0.6769782900810242,-3.1775095462799072,2.912938356399536
10,3.1063151359558105,19.66585350036621,-0.6645252108573914,-3.1092309951782227,2.915820360183716
11,3.3656492233276367,20.84889793395996,-0.7088465690612793,-3.3685691356658936,2.9199469089508057
12,3.175887107849121,18.59351921081543,-0.6692571640014648,-3.178809404373169,2.922351598739624
13,3.2867610454559326,19.533769607543945,-0.691153347492218,-3.289685010910034,2.9239485263824463
14,3.2343828678131104,19.76728630065918,-0.6873553395271301,-3.237309455871582,2.9265754222869873
15,3.4451680183410645,20.112991333007812,-0.7272717356681824,-3.4480972290039062,2.9291999340057373
16,3.1579792499542236,19.1455135345459,-0.6686546206474304,-3.1609103679656982,2.9311084747314453
17,3.302708148956299,18.824146270751953,-0.697167694568634,-3.3056418895721436,2.9336917400360107
18,3.3994603157043457,21.68072509765625,-0.7240571975708008,-3.402395486831665,2.935260772705078
19,3.1957621574401855,18.304018020629883,-0.6742088794708252,-3.198699712753296,2.937494993209839
20,3.2022314071655273,20.019441604614258,-0.681877613067627,-3.2051703929901123,2.9389374256134033
21,3.101313591003418,17.754457473754883,-0.6582726836204529,-3.104253053665161,2.9395244121551514
22,2.7009479999542236,16.389772415161133,-0.5782632231712341,-2.7038886547088623,2.9407482147216797
23,3.1069257259368896,18.406044006347656,-0.6591128706932068,-3.109867811203003,2.942138910293579
24,3.520843505859375,20.16238784790039,-0.7378132343292236,-3.5237865447998047,2.943065881729126
25,3.2987217903137207,18.839693069458008,-0.6963719725608826,-3.3016655445098877,2.9438343048095703
26,3.1570420265197754,17.440088272094727,-0.6614552140235901,-3.159985303878784,2.9433670043945312
27,3.293419361114502,18.670228958129883,-0.6941798329353333,-3.296363115310669,2.943696975708008
28,3.527721881866455,21.04269790649414,-0.7453019022941589,-3.530667543411255,2.9455928802490234
29,3.106842041015625,17.774934768676758,-0.6533644795417786,-3.10978627204895,2.9443447589874268
30,2.847052812576294,15.044222831726074,-0.6016841530799866,-2.8499972820281982,2.9445457458496094
31,3.55734920501709,20.397104263305664,-0.7470865845680237,-3.5602939128875732,2.9445912837982178
32,3.0673739910125732,16.37669563293457,-0.6452569961547852,-3.070317268371582,2.9431686401367188
33,3.2667243480682373,18.537992477416992,-0.686231791973114,-3.269667625427246,2.9432640075683594
34,3.1081137657165527,16.9854736328125,-0.6530813574790955,-3.111056327819824,2.942577600479126
35,3.3234446048736572,18.233732223510742,-0.6926648020744324,-3.3263871669769287,2.9424962997436523
36,3.101598024368286,16.453187942504883,-0.6466636061668396,-3.104539155960083,2.941181182861328
37,3.1067183017730713,17.99485206604004,-0.6479727625846863,-3.1096572875976562,2.9390933513641357
38,2.807671546936035,15.637158393859863,-0.594968855381012,-2.810610055923462,2.9384448528289795
39,3.435110569000244,17.6549129486084,-0.7150227427482605,-3.438049554824829,2.9390926361083984
40,3.041977882385254,15.682147026062012,-0.6331132054328918,-3.044914484024048,2.9367122650146484
41,2.8891212940216064,15.49583911895752,-0.6078991293907166,-2.8920562267303467,2.9349911212921143
42,3.169703245162964,16.44153594970703,-0.6644847393035889,-3.1726367473602295,2.9334843158721924
43,3.231114149093628,16.509370803833008,-0.6727216243743896,-3.234046220779419,2.93206524848938
44,3.1329431533813477,16.6861629486084,-0.6567838788032532,-3.135871171951294,2.927901029586792
45,3.287087917327881,17.065088272094727,-0.6804931163787842,-3.290015935897827,2.92791748046875
46,3.1360700130462646,16.549909591674805,-0.6559838652610779,-3.1389944553375244,2.924518585205078
47,3.1503794193267822,15.960501670837402,-0.653145968914032,-3.1533002853393555,2.9208927154541016
48,2.9270389080047607,13.487292289733887,-0.6033806800842285,-2.929957389831543,2.918476104736328
49,3.1822595596313477,16.993494033813477,-0.6665528416633606,-3.185175657272339,2.9160773754119873
50,3.1245739459991455,15.600288391113281,-0.6456313729286194,-3.1274871826171875,2.913332939147949
51,2.9034574031829834,14.334420204162598,-0.6048277020454407,-2.906365156173706,2.9078152179718018
52,3.056123733520508,14.550102233886719,-0.6267146468162537,-3.0590293407440186,2.905620813369751
53,3.1867918968200684,15.103306770324707,-0.6545146107673645,-3.1896941661834717,2.9022998809814453
54,3.0189461708068848,13.939942359924316,-0.6160803437232971,-3.0218429565429688,2.8968589305877686
55,3.0020086765289307,13.915371894836426,-0.6127312183380127,-3.004901885986328,2.893186569213867
56,2.994793653488159,13.248844146728516,-0.6152034401893616,-2.9976794719696045,2.885796546936035
57,3.036478281021118,13.793380737304688,-0.6221534609794617,-3.039361000061035,2.8826427459716797
58,3.0238828659057617,13.95849609375,-0.6154403686523438,-3.0267601013183594,2.8771610260009766
59,2.7768614292144775,12.55245304107666,-0.5678532719612122,-2.7797317504882812,2.870314836502075
60,2.9434163570404053,11.9342041015625,-0.5890753269195557,-2.9462814331054688,2.8651058673858643
61,2.773832082748413,11.643241882324219,-0.5628792643547058,-2.776688575744629,2.8564910888671875
62,3.002164602279663,12.356276512145996,-0.6019899845123291,-3.0050156116485596,2.8510377407073975
63,2.9702579975128174,12.051403045654297,-0.5996353030204773,-2.9731006622314453,2.8425700664520264
64,3.2498667240142822,13.648066520690918,-0.6507319808006287,-3.2527029514312744,2.836301803588867
65,2.9186854362487793,11.461620330810547,-0.58189457654953,-2.921510934829712,2.825558662414551
66,3.101807117462158,12.707954406738281,-0.618948221206665,-3.1046245098114014,2.8174984455108643
67,2.7117714881896973,11.083724975585938,-0.5440341830253601,-2.714576005935669,2.804398775100708
68,2.8500874042510986,12.076370239257812,-0.5747750401496887,-2.8528823852539062,2.7948837280273438
69,2.986920118331909,11.706297874450684,-0.598330020904541,-2.989706039428711,2.7858781814575195
70,2.9583821296691895,11.559982299804688,-0.5834147334098816,-2.9611599445343018,2.7777187824249268
71,3.041210412979126,11.396506309509277,-0.6051086783409119,-3.043973684310913,2.7632503509521484
72,2.858344554901123,11.494659423828125,-0.5642839670181274,-2.8610973358154297,2.7527949810028076
73,2.9816489219665527,11.53827953338623,-0.5937960147857666,-2.9843838214874268,2.7347991466522217
74,2.964510679244995,10.8950834274292,-0.5771194100379944,-2.967236280441284,2.725663423538208
75,2.8535778522491455,11.68398380279541,-0.5555171370506287,-2.856292724609375,2.7148287296295166
76,2.9884896278381348,10.818081855773926,-0.578349769115448,-2.9911911487579346,2.701436996459961
77,2.914539337158203,11.03014087677002,-0.5662745237350464,-2.9172184467315674,2.679112195968628
78,2.6999425888061523,9.760284423828125,-0.5168003439903259,-2.7026126384735107,2.669992446899414
79,2.9739019870758057,11.261420249938965,-0.574211835861206,-2.9765517711639404,2.6497862339019775
80,2.5608813762664795,10.235051155090332,-0.49728071689605713,-2.563512086868286,2.6306967735290527
81,2.3768110275268555,9.74817943572998,-0.4572432339191437,-2.3794281482696533,2.6170074939727783
82,2.644901752471924,10.245429992675781,-0.5055127739906311,-2.647500991821289,2.5993402004241943
83,2.517336845397949,9.334589958190918,-0.476064532995224,-2.5199191570281982,2.5823850631713867
84,2.770040988922119,10.397856712341309,-0.5228347182273865,-2.7726070880889893,2.56606125831604
85,2.6361567974090576,9.645366668701172,-0.4965400695800781,-2.6387031078338623,2.5463991165161133
86,2.7774431705474854,9.59691047668457,-0.5208547711372375,-2.7799651622772217,2.5220820903778076
87,2.86841082572937,10.297001838684082,-0.5363063812255859,-2.8709123134613037,2.501469135284424
88,2.795243501663208,9.239348411560059,-0.5222617983818054,-2.797718048095703,2.4746313095092773
89,2.1970090866088867,9.617779731750488,-0.4084683656692505,-2.199472188949585,2.463181257247925
90,2.569669008255005,9.52711009979248,-0.47105178236961365,-2.572106122970581,2.4370501041412354
91,2.9065608978271484,10.090465545654297,-0.5244856476783752,-2.9089791774749756,2.418368339538574
92,2.4111201763153076,10.734272956848145,-0.45120301842689514,-2.4135024547576904,2.382392168045044
93,2.585721254348755,10.857691764831543,-0.4732898771762848,-2.5880820751190186,2.360872983932495
94,2.3664379119873047,8.865880012512207,-0.4246525466442108,-2.368779182434082,2.3412818908691406
95,2.5254807472229004,9.559465408325195,-0.45261290669441223,-2.527796506881714,2.3158769607543945
96,2.7424397468566895,10.125041007995605,-0.4844990670681,-2.7447292804718018,2.2894623279571533
97,2.7408883571624756,9.644186019897461,-0.48790857195854187,-2.7431535720825195,2.2652361392974854
98,2.370534658432007,8.320331573486328,-0.41486063599586487,-2.372781991958618,2.2472751140594482
99,2.3660335540771484,8.061245918273926,-0.40450799465179443,-2.3682525157928467,2.218993663787842
100,2.578953266143799,9.149346351623535,-0.4523117244243622,-2.581130266189575,2.177006721496582
101,2.7320990562438965,8.877379417419434,-0.471391886472702,-2.7342617511749268,2.1626365184783936
102,2.7617359161376953,9.836949348449707,-0.4739347994327545,-2.7638747692108154,2.138763427734375
103,2.6363027095794678,9.073417663574219,-0.4555610716342926,-2.638402223587036,2.0996201038360596
104,2.6245226860046387,9.318129539489746,-0.44996216893196106,-2.626591920852661,2.0693321228027344
105,2.522409677505493,9.172907829284668,-0.41956785321235657,-2.524453639984131,2.0439484119415283
106,2.589749336242676,9.238926887512207,-0.4310368597507477,-2.5917675495147705,2.018160581588745
107,2.6926357746124268,9.830708503723145,-0.4502612054347992,-2.694613218307495,1.9775153398513794
108,2.64074444770813,8.726912498474121,-0.43980133533477783,-2.6427009105682373,1.956447958946228
109,2.60714054107666,9.415366172790527,-0.42613673210144043,-2.6090660095214844,1.92550528049469
110,2.4948129653930664,9.71493911743164,-0.402625173330307,-2.49670672416687,1.8937093019485474
111,2.6376593112945557,9.337764739990234,-0.43031391501426697,-2.639518976211548,1.8595558404922485
112,2.313109874725342,8.033599853515625,-0.3701222240924835,-2.314932107925415,1.8221235275268555
113,2.6306393146514893,8.92982292175293,-0.4142516553401947,-2.6324307918548584,1.791511058807373
114,2.359321117401123,8.691580772399902,-0.3674985468387604,-2.361097574234009,1.776340126991272
115,2.20001220703125,9.85413646697998,-0.3344897925853729,-2.201742649078369,1.7303439378738403
116,2.4084346294403076,8.737874984741211,-0.36940431594848633,-2.4101545810699463,1.720021367073059
117,2.0593478679656982,9.46083927154541,-0.3105778396129608,-2.061028480529785,1.6806062459945679
118,2.1123881340026855,7.85781717300415,-0.3041224777698517,-2.114032506942749,1.644301414489746
119,2.6009469032287598,9.304340362548828,-0.40310072898864746,-2.602548360824585,1.6015485525131226
120,2.36047625541687,8.482808113098145,-0.34501349925994873,-2.3620502948760986,1.5739318132400513
121,2.396663188934326,8.154593467712402,-0.3524850308895111,-2.3982021808624268,1.5390639305114746
122,2.035951614379883,9.05139446258545,-0.29087021946907043,-2.037470579147339,1.5189627408981323
123,2.2475836277008057,7.72705078125,-0.334359735250473,-2.24906063079834,1.476969599723816
124,2.3686928749084473,8.707054138183594,-0.33955761790275574,-2.3701257705688477,1.432839035987854
125,2.104133367538452,8.614523887634277,-0.29554951190948486,-2.105539560317993,1.4061630964279175
126,2.738223075866699,9.348810195922852,-0.4078162610530853,-2.7395896911621094,1.3665404319763184
127,2.196376323699951,7.7691521644592285,-0.30574116110801697,-2.197711706161499,1.3352702856063843
128,2.3163578510284424,8.490116119384766,-0.328229695558548,-2.317662239074707,1.304392695426941
129,2.3415589332580566,7.690713882446289,-0.3276725113391876,-2.342831611633301,1.2727818489074707
130,2.100877523422241,7.719006061553955,-0.2852862775325775,-2.1021344661712646,1.2568755149841309
131,2.228806734085083,8.516125679016113,-0.3114495277404785,-2.2300100326538086,1.2032476663589478
132,2.3100576400756836,8.146231651306152,-0.319515585899353,-2.311246871948242,1.1892622709274292
133,2.381221294403076,8.386921882629395,-0.33289751410484314,-2.3823583126068115,1.1369136571884155
134,2.1613807678222656,7.905271053314209,-0.28877875208854675,-2.1625053882598877,1.1246461868286133
135,2.414599657058716,8.271517753601074,-0.33273836970329285,-2.4157044887542725,1.1048691272735596
136,2.2184841632843018,7.377431392669678,-0.3046126663684845,-2.219541311264038,1.057090163230896
137,2.192340135574341,8.105586051940918,-0.29018643498420715,-2.1933562755584717,1.0162208080291748
138,2.184603214263916,7.7054524421691895,-0.2893114387989044,-2.1856000423431396,0.9967597126960754
139,2.1173198223114014,6.862390041351318,-0.27552250027656555,-2.1183032989501953,0.9834100604057312
140,2.230198383331299,8.503674507141113,-0.2998323142528534,-2.231144666671753,0.9462490677833557
141,2.3202788829803467,7.801476955413818,-0.3150067627429962,-2.3211848735809326,0.9060623049736023
142,2.5954411029815674,8.254008293151855,-0.3650989532470703,-2.5963165760040283,0.8754129409790039
143,2.2601611614227295,8.00694751739502,-0.2928299009799957,-2.2610278129577637,0.8666122555732727
144,2.386704444885254,8.363448143005371,-0.3166313171386719,-2.387518882751465,0.8143532872200012
145,2.3726181983947754,7.686546325683594,-0.3203824460506439,-2.373406171798706,0.7878920435905457
146,1.8229261636734009,6.335353851318359,-0.21457462012767792,-1.8237032890319824,0.7771362662315369
147,2.170772075653076,7.275913238525391,-0.28450027108192444,-2.1715118885040283,0.7399017214775085
148,2.168067693710327,7.46297025680542,-0.2668566107749939,-2.168804883956909,0.7371609807014465
149,2.069838047027588,6.899670124053955,-0.25667834281921387,-2.0705270767211914,0.6890117526054382
150,2.006175994873047,7.139281749725342,-0.24993781745433807,-2.0068676471710205,0.6916190981864929
151,2.189164638519287,7.594648838043213,-0.2689737379550934,-2.189819097518921,0.6543430685997009
152,1.9941662549972534,8.177525520324707,-0.24667233228683472,-1.9948148727416992,0.6485846638679504
153,2.3432695865631104,7.11659049987793,-0.3053734004497528,-2.34387469291687,0.6051182150840759
154,2.136164665222168,6.221611499786377,-0.2668451964855194,-2.1367597579956055,0.5950616002082825
155,2.246847629547119,7.54522705078125,-0.28826943039894104,-2.2474026679992676,0.5551061630249023
156,2.115626573562622,6.912158966064453,-0.2660244107246399,-2.1161818504333496,0.5552584528923035
157,2.415217876434326,8.313460350036621,-0.31961801648139954,-2.415727376937866,0.5095903277397156
158,1.9758790731430054,7.207616806030273,-0.24521155655384064,-1.9763866662979126,0.5075857639312744
159,2.2267863750457764,6.790515422821045,-0.2822723090648651,-2.227271318435669,0.4850609600543976
160,2.274956703186035,7.134315490722656,-0.2823934853076935,-2.2754383087158203,0.481499582529068
161,2.33032488822937,7.763103485107422,-0.3000011742115021,-2.3307647705078125,0.4399429261684418
162,2.1331934928894043,6.553852081298828,-0.27108633518218994,-2.1336355209350586,0.4419807195663452
163,1.940883994102478,6.833126544952393,-0.2291596680879593,-1.9413172006607056,0.43321481347084045
164,2.240262031555176,7.539249897003174,-0.2815602719783783,-2.2406623363494873,0.4003526270389557
165,2.0347483158111572,7.053462982177734,-0.24357040226459503,-2.03515625,0.40804681181907654
166,2.1077003479003906,7.563052654266357,-0.2542767822742462,-2.1080758571624756,0.37546953558921814
167,2.4255754947662354,7.132106781005859,-0.3162328600883484,-2.425929307937622,0.35372504591941833
168,2.1826794147491455,6.806347370147705,-0.2732580006122589,-2.18304443359375,0.3650287091732025
169,2.3342199325561523,6.6168212890625,-0.2865387201309204,-2.3345677852630615,0.3479520082473755
170,2.1745686531066895,6.364742279052734,-0.2668786346912384,-2.174906015396118,0.33732664585113525
171,1.841744303703308,6.305168628692627,-0.21379518508911133,-1.8420710563659668,0.3267594575881958
172,2.2737746238708496,7.284779071807861,-0.2773672342300415,-2.2740492820739746,0.2746969163417816
173,2.4635324478149414,7.4957709312438965,-0.31478819251060486,-2.463813066482544,0.2807033061981201
174,2.1037588119506836,6.970743656158447,-0.25181329250335693,-2.1040258407592773,0.2669849395751953
175,2.3026552200317383,6.915071487426758,-0.28145280480384827,-2.3029189109802246,0.2636122703552246
176,2.2429420948028564,6.917093753814697,-0.2852391302585602,-2.243206739425659,0.2646958529949188
177,2.2473514080047607,6.066504001617432,-0.27490389347076416,-2.2476284503936768,0.2769731283187866
178,2.5744102001190186,7.6675124168396,-0.3307007849216461,-2.5746355056762695,0.2252274751663208
179,1.7385393381118774,5.718040943145752,-0.19276408851146698,-1.7388159036636353,0.2765169143676758
180,1.9237183332443237,6.148153781890869,-0.21482644975185394,-1.9239526987075806,0.23441432416439056
181,2.4850823879241943,7.124496936798096,-0.31005725264549255,-2.4852988719940186,0.2164856195449829
182,2.145094394683838,6.26095724105835,-0.2648000419139862,-2.145311117172241,0.21677426993846893
183,2.3110392093658447,6.362670421600342,-0.28113552927970886,-2.3112576007843018,0.2184806615114212
184,2.2505557537078857,7.1663818359375,-0.26823410391807556,-2.250749111175537,0.19326592981815338
185,2.374737024307251,6.344903469085693,-0.2935110330581665,-2.374924898147583,0.18775628507137299
186,2.3459577560424805,6.1346306800842285,-0.2937699854373932,-2.3461079597473145,0.15024377405643463
187,1.9586533308029175,5.797027587890625,-0.2230084091424942,-1.9588499069213867,0.196517214179039
188,1.9575321674346924,5.392329692840576,-0.23503072559833527,-1.9576951265335083,0.16295494139194489
189,2.1594223976135254,5.966043472290039,-0.26018956303596497,-2.159559726715088,0.13741499185562134
190,2.452122211456299,6.140198230743408,-0.3184017539024353,-2.4522545337677,0.1322346180677414
191,2.264486312866211,5.988674163818359,-0.2832011580467224,-2.2646028995513916,0.1166345551609993
192,2.2722058296203613,5.782627582550049,-0.2789069712162018,-2.2723124027252197,0.10650678724050522
193,2.005033254623413,5.6535773277282715,-0.23634912073612213,-2.0051441192626953,0.11086723953485489
194,2.6341042518615723,6.0309319496154785,-0.33652710914611816,-2.6341984272003174,0.09417470544576645
195,2.232034921646118,5.150747299194336,-0.2762661874294281,-2.2321529388427734,0.11800835281610489
196,2.3715505599975586,5.327630519866943,-0.2904946506023407,-2.371644973754883,0.09441456198692322
197,2.193328380584717,5.174251556396484,-0.26827704906463623,-2.1934144496917725,0.08614832162857056
198,2.1784346103668213,6.861624240875244,-0.25447186827659607,-2.1785173416137695,0.08275730162858963
199,2.0138583183288574,5.58073091506958,-0.23298275470733643,-2.0139389038085938,0.08048855513334274
200,2.2776806354522705,5.175844669342041,-0.27252939343452454,-2.2777698040008545,0.08922766894102097
201,2.460721015930176,6.404008865356445,-0.3085150718688965,-2.4607691764831543,0.04804368317127228
202,2.162189483642578,5.158203601837158,-0.26178082823753357,-2.162257671356201,0.06818453222513199
203,2.6740448474884033,6.601335525512695,-0.33709001541137695,-2.6740493774414062,0.004420722369104624
204,2.4827675819396973,5.587675094604492,-0.3116239607334137,-2.4828040599823,0.036487262696027756
205,2.0278584957122803,4.397928714752197,-0.23928429186344147,-2.0279242992401123,0.06573302298784256
206,2.0996880531311035,5.424123287200928,-0.25526145100593567,-2.0997486114501953,0.06046709045767784
207,2.084428548812866,5.219827175140381,-0.2594769597053528,-2.0844566822052,0.02808908186852932
208,2.288486957550049,4.993852615356445,-0.27949967980384827,-2.288494110107422,0.00715182488784194
209,2.235978126525879,4.768431663513184,-0.2805027365684509,-2.235995054244995,0.016969164833426476
210,2.6309444904327393,5.0899224281311035,-0.3357751667499542,-2.630978584289551,0.03414653614163399
211,2.272841215133667,4.542837142944336,-0.2855904698371887,-2.272831678390503,-0.009433013387024403
212,2.1177217960357666,4.938718318939209,-0.25825822353363037,-2.117734909057617,0.013026068918406963
213,2.5134687423706055,5.175407886505127,-0.3197217881679535,-2.513458490371704,-0.010205631144344807
214,2.322650671005249,4.995285511016846,-0.29477301239967346,-2.3226280212402344,-0.02258536033332348
215,2.2853715419769287,4.400405406951904,-0.28473415970802307,-2.2853548526763916,-0.016700005158782005
216,2.203963041305542,4.465024948120117,-0.26976442337036133,-2.2039601802825928,-0.002905485453084111
217,2.4910058975219727,4.494944095611572,-0.32486099004745483,-2.490973711013794,-0.03216477110981941
218,2.1463382244110107,4.797540187835693,-0.2585843801498413,-2.146315574645996,-0.02256356179714203
219,2.3664391040802,4.0301833152771,-0.2993137836456299,-2.366426467895508,-0.012709241360425949
220,2.350311040878296,4.465181827545166,-0.29209473729133606,-2.3502321243286133,-0.07887230813503265
221,2.1701772212982178,4.627979755401611,-0.261213093996048,-2.1701276302337646,-0.04963397607207298
222,2.028965473175049,4.3839569091796875,-0.25147172808647156,-2.028902530670166,-0.06285404413938522
223,2.359051465988159,4.019189357757568,-0.29867878556251526,-2.3589792251586914,-0.07227804511785507
224,2.176851511001587,4.4130682945251465,-0.27827921509742737,-2.17680287361145,-0.04867345467209816
225,2.245486259460449,4.820035457611084,-0.2743910253047943,-2.24541974067688,-0.06659630686044693
226,2.344655990600586,4.06735372543335,-0.3040234446525574,-2.344586133956909,-0.06995555013418198
227,2.2358481884002686,4.068830966949463,-0.2880059778690338,-2.2357780933380127,-0.0701005831360817
228,2.147200107574463,3.822704553604126,-0.2681581676006317,-2.147132635116577,-0.06742865592241287
229,2.5674548149108887,4.008518695831299,-0.3322543799877167,-2.5673305988311768,-0.12426669150590897
230,2.1474924087524414,4.210364818572998,-0.25836798548698425,-2.1474130153656006,-0.0793195441365242
231,2.008249282836914,4.082882404327393,-0.24512656033039093,-2.0082013607025146,-0.04803556576371193
232,1.804051160812378,3.8822333812713623,-0.22372370958328247,-1.8039766550064087,-0.07448874413967133
233,1.838782548904419,4.031137943267822,-0.23305493593215942,-1.8386541604995728,-0.12839753925800323
234,2.245418071746826,3.655369997024536,-0.28238266706466675,-2.2453269958496094,-0.09117863327264786
235,1.7613459825515747,3.7012417316436768,-0.21924781799316406,-1.761266827583313,-0.07916969060897827
236,2.2008347511291504,3.7210853099823,-0.28802359104156494,-2.200711727142334,-0.12311878055334091
237,2.161799669265747,4.064565658569336,-0.2805228531360626,-2.1616694927215576,-0.13018538057804108
238,1.8061448335647583,3.405977964401245,-0.23069454729557037,-1.8060373067855835,-0.10755214840173721
239,1.935975193977356,3.9967095851898193,-0.2416088730096817,-1.9358333349227905,-0.1419089287519455
240,1.932310700416565,3.6111533641815186,-0.24281613528728485,-1.9321870803833008,-0.12365413457155228
241,2.289137840270996,3.54137921333313,-0.3114438056945801,-2.2889955043792725,-0.14235152304172516
242,1.9499680995941162,3.351494550704956,-0.2507554590702057,-1.9498419761657715,-0.1261749416589737
243,1.8510493040084839,3.0749454498291016,-0.2584906816482544,-1.85090172290802,-0.1476261168718338
244,2.228372812271118,3.2392046451568604,-0.2945909798145294,-2.22823429107666,-0.1385243982076645
245,2.2867603302001953,3.5162951946258545,-0.30349335074424744,-2.286602258682251,-0.15814416110515594
246,2.3527281284332275,3.5894696712493896,-0.3014947474002838,-2.352583885192871,-0.14429527521133423
247,1.9965181350708008,3.382855176925659,-0.26329556107521057,-1.9963725805282593,-0.1455717235803604
248,2.195668935775757,3.258925676345825,-0.2916017472743988,-2.195513963699341,-0.154887855052948
249,1.7603092193603516,3.2248051166534424,-0.2321830838918686,-1.7601604461669922,-0.14881712198257446
250,2.0160083770751953,3.489661455154419,-0.26609060168266296,-2.01582932472229,-0.1790560483932495
251,2.2123496532440186,3.326141119003296,-0.29441073536872864,-2.212188482284546,-0.16124702990055084
252,2.1052606105804443,3.0824708938598633,-0.293590784072876,-2.105051040649414,-0.20948658883571625
253,1.8660438060760498,3.395289421081543,-0.24236343801021576,-1.865881085395813,-0.16274814307689667
254,1.8886035680770874,3.1396982669830322,-0.25541946291923523,-1.8884501457214355,-0.15339462459087372
255,2.3763022422790527,3.0421488285064697,-0.3326928913593292,-2.376108407974243,-0.19380879402160645
256,2.3842878341674805,3.0552403926849365,-0.318448930978775,-2.384077787399292,-0.20994031429290771
257,1.754799723625183,2.997044801712036,-0.23546485602855682,-1.7546501159667969,-0.14961375296115875
258,1.756607174873352,2.799408197402954,-0.23797400295734406,-1.7564482688903809,-0.15895038843154907
259,1.799309253692627,2.7617385387420654,-0.25541436672210693,-1.7991291284561157,-0.18012146651744843
260,1.871389627456665,3.196324586868286,-0.2701973617076874,-1.8711662292480469,-0.22337888181209564
261,1.6512579917907715,3.1106977462768555,-0.2385243922472,-1.6510448455810547,-0.21320275962352753
262,2.3032712936401367,3.0825843811035156,-0.3293292224407196,-2.3030526638031006,-0.21869133412837982
263,1.5825724601745605,3.1015403270721436,-0.2123786211013794,-1.5823850631713867,-0.1874275803565979
264,2.1392908096313477,3.0585861206054688,-0.3206040561199188,-2.1390328407287598,-0.257999062538147
265,1.837906837463379,2.8684051036834717,-0.2669813632965088,-1.837708830833435,-0.1979939490556717
266,1.6057757139205933,3.0220367908477783,-0.23671197891235352,-1.6055593490600586,-0.21640928089618683
267,1.5502976179122925,2.8568532466888428,-0.2244868129491806,-1.550093650817871,-0.20401416718959808
268,1.7444320917129517,2.616615056991577,-0.2646619975566864,-1.744199275970459,-0.2328283190727234
269,1.8926880359649658,2.7656631469726562,-0.29164260625839233,-1.8924444913864136,-0.2434857040643692
270,1.4876943826675415,2.8128299713134766,-0.23035867512226105,-1.487474799156189,-0.21961860358715057
271,2.0967514514923096,2.3960769176483154,-0.3274959325790405,-2.0965046882629395,-0.24668455123901367
272,1.9772608280181885,2.765101432800293,-0.29323622584342957,-1.9769881963729858,-0.2726522386074066
273,1.9664685726165771,2.961901903152466,-0.2917387783527374,-1.9662233591079712,-0.24526363611221313
274,1.4466569423675537,2.964010238647461,-0.24369113147258759,-1.4464138746261597,-0.24305255711078644
275,2.0382959842681885,2.6218020915985107,-0.3028835654258728,-2.038034677505493,-0.2613275647163391
276,1.7717359066009521,2.594777822494507,-0.2820567190647125,-1.7714930772781372,-0.24283194541931152
277,1.4913666248321533,2.784749746322632,-0.24428331851959229,-1.4911218881607056,-0.24469494819641113
278,1.2978459596633911,2.7731332778930664,-0.2309545874595642,-1.29757821559906,-0.2677055299282074
279,1.7988340854644775,2.9712412357330322,-0.29293307662010193,-1.7985399961471558,-0.2940481901168823
280,1.7908391952514648,2.435739755630493,-0.2874987721443176,-1.7905665636062622,-0.2726213037967682
281,1.6806446313858032,2.6023519039154053,-0.25402167439460754,-1.6804147958755493,-0.22981716692447662
282,1.7053622007369995,2.605417013168335,-0.27354374527931213,-1.7050790786743164,-0.2830701768398285
283,1.7891873121261597,2.9585025310516357,-0.28342339396476746,-1.7889394760131836,-0.24778489768505096
284,0.9930505752563477,2.800410509109497,-0.18948154151439667,-0.9928224682807922,-0.2281009554862976
285,1.449803352355957,2.8124513626098633,-0.24995316565036774,-1.449517846107483,-0.2854979336261749
286,1.081160306930542,2.955195665359497,-0.20527750253677368,-1.0808963775634766,-0.26398178935050964
287,1.7045058012008667,2.914424180984497,-0.27626392245292664,-1.7042192220687866,-0.28654399514198303
288,1.6513123512268066,2.640630006790161,-0.2711479365825653,-1.651053786277771,-0.2585736811161041
289,1.5679283142089844,2.697028875350952,-0.27727246284484863,-1.5676279067993164,-0.30046582221984863
290,1.628125786781311,2.602797269821167,-0.26656654477119446,-1.6278328895568848,-0.29286423325538635
291,0.9978125691413879,2.8922243118286133,-0.20248176157474518,-0.9975358843803406,-0.27668869495391846
292,1.3210241794586182,2.5662624835968018,-0.23987610638141632,-1.3207440376281738,-0.28008756041526794
293,1.9087971448898315,2.711275100708008,-0.31627655029296875,-1.9085111618041992,-0.2860248386859894
294,2.153374671936035,2.656177282333374,-0.3231585919857025,-2.153118848800659,-0.25576329231262207
295,1.3070869445800781,2.4946377277374268,-0.2276504784822464,-1.3068190813064575,-0.2679060697555542
296,0.9470651745796204,2.522679567337036,-0.21077227592468262,-0.946782112121582,-0.28303924202919006
297,1.1133159399032593,2.6388914585113525,-0.23715125024318695,-1.1130341291427612,-0.28179553151130676
298,1.6219549179077148,2.5687882900238037,-0.29150867462158203,-1.621677041053772,-0.27786877751350403
299,1.520909309387207,2.4628992080688477,-0.27455636858940125,-1.5206505060195923,-0.2588195502758026
300,1.6139048337936401,2.6161558628082275,-0.27216920256614685,-1.6136140823364258,-0.29080307483673096
301,1.4153416156768799,2.5937340259552,-0.27554789185523987,-1.415076732635498,-0.2648320198059082
302,1.5286260843276978,2.604288101196289,-0.2740747630596161,-1.5283384323120117,-0.287667840719223
303,1.2520482540130615,2.4010865688323975,-0.2498515099287033,-1.2517799139022827,-0.2683444023132324
304,1.4771618843078613,2.410761594772339,-0.2746683657169342,-1.4768701791763306,-0.29166924953460693
305,1.2145766019821167,2.5422699451446533,-0.2478591948747635,-1.2143043279647827,-0.2723112106323242
306,0.7871341109275818,2.4317939281463623,-0.21456360816955566,-0.7868412137031555,-0.2928719222545624
307,1.3862354755401611,2.4380953311920166,-0.25061091780662537,-1.385964035987854,-0.2714631259441376
308,1.5087028741836548,2.6533541679382324,-0.2800551950931549,-1.5083885192871094,-0.31432268023490906
309,1.3933005332946777,2.4127471446990967,-0.2910858392715454,-1.392997145652771,-0.3033578395843506
310,1.1953327655792236,2.3533220291137695,-0.24187803268432617,-1.195050835609436,-0.28194907307624817
311,1.5690189599990845,2.4254376888275146,-0.29111698269844055,-1.5687061548233032,-0.3127574026584625
312,1.1795949935913086,2.3259871006011963,-0.263472318649292,-1.179300308227539,-0.29468366503715515
313,1.0976266860961914,2.494088888168335,-0.2516128122806549,-1.0973376035690308,-0.2890830636024475
314,1.1921645402908325,2.4689273834228516,-0.26808443665504456,-1.1918479204177856,-0.31661978363990784
315,1.2039690017700195,2.4763338565826416,-0.2548847794532776,-1.2036380767822266,-0.3309005796909332
316,1.0356329679489136,2.509403944015503,-0.23129846155643463,-1.0353549718856812,-0.27800461649894714
317,1.8834295272827148,2.2739689350128174,-0.3401299715042114,-1.8831127882003784,-0.3167147636413574
318,1.2270504236221313,2.3062222003936768,-0.2585505545139313,-1.2267823219299316,-0.26808401942253113
319,0.9040876030921936,2.5592234134674072,-0.22020380198955536,-0.9038243293762207,-0.26327893137931824
320,0.5333768129348755,2.7148282527923584,-0.1823171228170395,-0.5331019759178162,-0.27484408020973206
321,1.4912561178207397,2.301785707473755,-0.2950655519962311,-1.490949034690857,-0.30711057782173157
322,1.4199788570404053,2.566441535949707,-0.28727540373802185,-1.4196709394454956,-0.30791738629341125
323,1.8387643098831177,2.426802635192871,-0.33788320422172546,-1.8384658098220825,-0.29851266741752625
324,1.2656123638153076,2.398728132247925,-0.2849293053150177,-1.2652897834777832,-0.3226051926612854
325,0.5158945918083191,2.261944532394409,-0.21660172939300537,-0.5156047940254211,-0.28978392481803894
326,1.2213345766067505,2.2115890979766846,-0.28023478388786316,-1.2210434675216675,-0.29107892513275146
327,1.2337082624435425,2.456056833267212,-0.29126816987991333,-1.233398199081421,-0.3100148141384125
328,1.472476601600647,2.41609787940979,-0.31498661637306213,-1.4721659421920776,-0.31068867444992065
329,1.156690239906311,2.1366429328918457,-0.27622756361961365,-1.1563884019851685,-0.3017925024032593
330,0.9908502101898193,2.554534912109375,-0.26342251896858215,-0.9905323386192322,-0.31784185767173767
331,1.2244162559509277,2.164421796798706,-0.28884610533714294,-1.2240835428237915,-0.3326614201068878
332,0.9263064861297607,2.539442777633667,-0.25581562519073486,-0.9259907603263855,-0.3157225251197815
333,1.484115719795227,2.229443311691284,-0.30508074164390564,-1.4838346242904663,-0.28109419345855713
334,1.3068403005599976,2.212111711502075,-0.2621486783027649,-1.306564211845398,-0.27608025074005127
335,1.2041884660720825,2.273480176925659,-0.2781818211078644,-1.2038911581039429,-0.2972598969936371
336,1.1448100805282593,2.5136878490448,-0.29709112644195557,-1.144494652748108,-0.31539812684059143
337,0.8294264078140259,2.314241409301758,-0.25000956654548645,-0.8291261792182922,-0.3002578616142273
338,1.1901060342788696,2.2696542739868164,-0.2910822927951813,-1.189802885055542,-0.3031400144100189
339,1.469428300857544,2.2092080116271973,-0.3107583224773407,-1.4691286087036133,-0.299642950296402
340,1.0576390027999878,2.5325567722320557,-0.277974009513855,-1.0573387145996094,-0.3002622425556183
341,0.8345479369163513,2.211209535598755,-0.2723256051540375,-0.8342432975769043,-0.30465230345726013
342,1.4162739515304565,2.18163800239563,-0.3020896017551422,-1.4159826040267944,-0.291380375623703
343,1.269243597984314,2.394338846206665,-0.2949027121067047,-1.2689746618270874,-0.2688773572444916
344,0.5496760606765747,2.426319122314453,-0.2490326315164566,-0.5493912696838379,-0.284799724817276
345,1.2102910280227661,2.323497772216797,-0.30182990431785583,-1.20999276638031,-0.2982877790927887
346,0.879257082939148,2.277024030685425,-0.23965473473072052,-0.8790304064750671,-0.22667884826660156
347,1.0229322910308838,2.3341317176818848,-0.2960764467716217,-1.022659182548523,-0.27309706807136536
348,0.8723403215408325,2.2518279552459717,-0.2706986367702484,-0.8721046447753906,-0.2356579750776291
349,0.7135387659072876,2.343446969985962,-0.25421759486198425,-0.713275671005249,-0.26307201385498047
350,0.849008321762085,2.3022842407226562,-0.23922210931777954,-0.8487647175788879,-0.24362023174762726
351,0.6523211598396301,2.3621041774749756,-0.26332029700279236,-0.6520453691482544,-0.27577874064445496
352,1.1922614574432373,2.323274850845337,-0.29908570647239685,-1.1920125484466553,-0.24889393150806427
353,1.2956676483154297,2.1887295246124268,-0.3310493528842926,-1.295418381690979,-0.2492288500070572
354,0.5141841769218445,2.4223222732543945,-0.2507937550544739,-0.5139246582984924,-0.25953957438468933
355,0.7799214124679565,2.4873225688934326,-0.24922876060009003,-0.7796990275382996,-0.22235925495624542
356,0.9020968079566956,2.386204481124878,-0.26840513944625854,-0.9018608927726746,-0.2359376698732376
357,0.38139545917510986,2.282513380050659,-0.2664865553379059,-0.3811335563659668,-0.2618996798992157
358,0.9424576163291931,2.2076728343963623,-0.2900232970714569,-0.9422265887260437,-0.23102211952209473
359,0.3274018466472626,2.5087180137634277,-0.23434804379940033,-0.3271944224834442,-0.20741842687129974
360,1.527310848236084,2.377262830734253,-0.3219408690929413,-1.5271092653274536,-0.2015531063079834
361,1.3214361667633057,2.4288034439086914,-0.3043992519378662,-1.321242094039917,-0.1940879225730896
362,0.8308702111244202,2.469883680343628,-0.2672097980976105,-0.8306909203529358,-0.1792731136083603
363,0.8970353603363037,2.246258020401001,-0.30731001496315,-0.8968081474304199,-0.22723419964313507
364,0.4068063199520111,2.2814483642578125,-0.25832322239875793,-0.40660691261291504,-0.1994117945432663
365,1.1091586351394653,2.104757070541382,-0.3113444745540619,-1.1089520454406738,-0.20656292140483856
366,0.9722421765327454,2.361931562423706,-0.27130407094955444,-0.9720705151557922,-0.1716514378786087
367,0.8494003415107727,2.2048771381378174,-0.28507736325263977,-0.849226176738739,-0.17419147491455078
368,0.811095654964447,2.4178884029388428,-0.28014159202575684,-0.8109322190284729,-0.1634509563446045
369,0.5181968212127686,2.2862560749053955,-0.24434854090213776,-0.5180494785308838,-0.14737041294574738
370,0.6943978667259216,2.166332721710205,-0.25281867384910583,-0.6942653656005859,-0.1325264275074005
371,0.06256216764450073,2.34226393699646,-0.20498867332935333,-0.06244334578514099,-0.11882398277521133
372,1.3587065935134888,2.45959210395813,-0.31718823313713074,-1.358578085899353,-0.1284632831811905
373,0.768825888633728,2.2687861919403076,-0.26911425590515137,-0.7687122225761414,-0.11365950852632523
374,0.49166855216026306,2.143846273422241,-0.2283465415239334,-0.4916038513183594,-0.06468947976827621
375,0.6200769543647766,2.333124876022339,-0.25578346848487854,-0.6199917197227478,-0.08521821349859238
376,0.47890186309814453,1.9925432205200195,-0.2519276738166809,-0.47881266474723816,-0.08919298648834229
377,0.8197330236434937,2.219313859939575,-0.30438676476478577,-0.819617748260498,-0.11528018862009048
378,1.070539951324463,2.404479742050171,-0.3055019974708557,-1.0704485177993774,-0.09139186888933182
379,0.9801727533340454,2.0855472087860107,-0.32350316643714905,-0.9800878167152405,-0.08495131880044937
380,0.6643071174621582,2.1873366832733154,-0.28390905261039734,-0.6642670631408691,-0.04002672806382179
381,0.8007229566574097,2.267263174057007,-0.2640611231327057,-0.8006834983825684,-0.039477068930864334
382,1.2400799989700317,2.2503662109375,-0.3153352737426758,-1.2400380373001099,-0.04190807044506073
383,1.1713695526123047,2.5935728549957275,-0.3186631500720978,-1.1713498830795288,-0.01967795379459858
384,1.4049471616744995,2.2740087509155273,-0.3253200948238373,-1.404977798461914,0.03068837709724903
385,0.5347238183021545,2.34846568107605,-0.279441773891449,-0.5347450971603394,0.021275967359542847
386,0.49802011251449585,2.1679165363311768,-0.27973103523254395,-0.49804601073265076,0.025903934612870216
387,0.35837700963020325,2.30879807472229,-0.27253660559654236,-0.3584088087081909,0.031794797629117966
388,0.030680103227496147,2.3615591526031494,-0.22414791584014893,-0.030770668759942055,0.09056469798088074
389,0.02468046173453331,2.3546524047851562,-0.23193907737731934,-0.024762501940131187,0.08204007148742676
390,0.3033964931964874,2.5026562213897705,-0.24780188500881195,-0.3035188615322113,0.1223616972565651
391,0.2789475917816162,2.1917481422424316,-0.28125014901161194,-0.27905964851379395,0.11205855011940002
392,0.33040401339530945,2.351064920425415,-0.2751307189464569,-0.3305593430995941,0.1553216427564621
393,0.4138256907463074,2.2411792278289795,-0.26065564155578613,-0.41401207447052,0.18638856709003448
394,0.49393877387046814,2.289703845977783,-0.3017476499080658,-0.49410656094551086,0.16779804229736328
395,0.5647915601730347,2.41105580329895,-0.3021918833255768,-0.5650160312652588,0.2244511842727661
396,0.9623000025749207,2.3782107830047607,-0.3196563124656677,-0.9625421166419983,0.2420889288187027
397,0.9681051969528198,2.307373523712158,-0.30847808718681335,-0.9683876633644104,0.2824593484401703
398,0.22105401754379272,2.422828435897827,-0.26111364364624023,-0.22137224674224854,0.3182350993156433
399,0.24503713846206665,2.495495080947876,-0.26145312190055847,-0.2453967183828354,0.3595759868621826
400,0.31091055274009705,2.353266477584839,-0.2704487144947052,-0.31129875779151917,0.3882019519805908
401,-0.14219065010547638,2.376288414001465,-0.23420929908752441,0.14174813032150269,0.44251754879951477
402,0.3570438027381897,2.1046202182769775,-0.32002153992652893,-0.3574659526348114,0.42215073108673096
403,0.021990442648530006,2.4356672763824463,-0.25462859869003296,-0.022489190101623535,0.498746782541275
404,0.12411732226610184,2.2631964683532715,-0.27974486351013184,-0.12463956326246262,0.5222395062446594
405,0.04619789123535156,2.6419060230255127,-0.2854274809360504,-0.04678197577595711,0.5840863585472107
406,-0.4598887264728546,2.3944177627563477,-0.24491286277770996,0.4592808783054352,0.6078575253486633
407,-0.24227750301361084,2.141676187515259,-0.2793554961681366,0.24161571264266968,0.6617938876152039
408,-0.5400189757347107,2.5359508991241455,-0.27224841713905334,0.5393244028091431,0.6945478320121765
409,-0.7278937697410583,2.49750018119812,-0.23631946742534637,0.727118194103241,0.7756023406982422
410,-0.034227654337882996,2.3681793212890625,-0.31948837637901306,0.03344603255391121,0.7816207408905029
411,-0.6486517786979675,2.3111772537231445,-0.2690734565258026,0.6478114724159241,0.8402817845344543
412,0.016436154022812843,2.8363349437713623,-0.34534239768981934,-0.017302850261330605,0.8666970729827881
413,-0.6321998238563538,2.6347901821136475,-0.2979789078235626,0.63130122423172,0.8986049294471741
414,-0.24708040058612823,2.6266562938690186,-0.3356111943721771,0.24615053832530975,0.9298631548881531
415,-0.7887721657752991,3.1100685596466064,-0.3056845963001251,0.7878441214561462,0.928055465221405
416,-0.6037462949752808,2.748363494873047,-0.3145054578781128,0.6027788519859314,0.9674469828605652
417,-0.06109962612390518,2.8402233123779297,-0.3636368215084076,0.06016240641474724,0.9372199177742004
418,-0.6557028293609619,2.60408616065979,-0.3228895664215088,0.6547836065292358,0.9191999435424805
419,-0.7446533441543579,2.5656142234802246,-0.3299613893032074,0.7437370419502258,0.9162888526916504
420,-1.2824386358261108,3.016981840133667,-0.2844562828540802,1.2815302610397339,0.9083178043365479
421,-0.8803446888923645,2.7082529067993164,-0.30610260367393494,0.8794625401496887,0.8821561932563782
422,-0.9577321410179138,2.6878325939178467,-0.30266109108924866,0.9568759799003601,0.8561673164367676
423,-0.4115859866142273,2.7336864471435547,-0.3539537489414215,0.4107793867588043,0.806586742401123
424,-1.3726694583892822,2.5198733806610107,-0.2851361334323883,1.3718990087509155,0.7704833149909973
425,-1.2424777746200562,2.7437164783477783,-0.27185335755348206,1.2416856288909912,0.7921430468559265
426,-0.8219639658927917,2.432684898376465,-0.2990249991416931,0.8212541937828064,0.7097718715667725
427,-1.6031405925750732,2.255316734313965,-0.24135886132717133,1.6024322509765625,0.7083250880241394
428,-1.1630793809890747,2.4347481727600098,-0.2993699610233307,1.1624151468276978,0.6642141342163086
429,-0.8675588965415955,2.650681257247925,-0.3070620894432068,0.8668988347053528,0.6600650548934937
430,-1.2228481769561768,2.581361770629883,-0.2911360561847687,1.2221969366073608,0.6512420773506165
431,-1.243092656135559,2.6084160804748535,-0.28171637654304504,1.2424606084823608,0.6320047378540039
432,-1.236263632774353,2.7804558277130127,-0.28359952569007874,1.2356125116348267,0.6511626839637756
433,-1.314527153968811,2.6812591552734375,-0.28824564814567566,1.3138940334320068,0.6331515908241272
434,-1.2698670625686646,2.5010015964508057,-0.2991573214530945,1.269266963005066,0.6001566052436829
435,-1.5313100814819336,2.2889747619628906,-0.30571165680885315,1.5307388305664062,0.571271538734436
436,-1.9057749509811401,2.2421276569366455,-0.2623085379600525,1.9051790237426758,0.5958941578865051
437,-0.9091814756393433,2.5702033042907715,-0.34676674008369446,0.9086220264434814,0.5594778656959534
438,-1.7305530309677124,2.470258951187134,-0.2906414568424225,1.7299708127975464,0.5822600722312927
439,-1.58163583278656,2.4119796752929688,-0.30289745330810547,1.5810962915420532,0.5395435094833374
440,-2.2098841667175293,2.4666454792022705,-0.24814336001873016,2.20930552482605,0.5786512494087219
441,-1.485851764678955,2.5358803272247314,-0.3310996890068054,1.4853264093399048,0.5253747701644897
442,-2.5280096530914307,2.437401294708252,-0.24194271862506866,2.5274906158447266,0.5190076231956482
443,-2.7375805377960205,2.4173953533172607,-0.2341337352991104,2.7370564937591553,0.5240132212638855
444,-1.7967191934585571,2.4822022914886475,-0.29790636897087097,1.7962528467178345,0.4663459360599518
445,-2.367748975753784,2.249786138534546,-0.25710952281951904,2.367278575897217,0.4703562557697296
446,-1.8132133483886719,2.2350378036499023,-0.3071611225605011,1.81281316280365,0.40023624897003174
447,-1.4586145877838135,2.463221549987793,-0.3174845278263092,1.4581985473632812,0.4160730838775635
448,-2.449030637741089,2.3641483783721924,-0.26992854475975037,2.4486629962921143,0.36761656403541565
449,-1.75577974319458,2.280921697616577,-0.3039929270744324,1.7554391622543335,0.34052133560180664
450,-2.9645462036132812,2.577606439590454,-0.2351500242948532,2.9641780853271484,0.36823704838752747
451,-2.064513683319092,2.4210758209228516,-0.2774799168109894,2.0641891956329346,0.3245605528354645
452,-1.3582074642181396,2.441689968109131,-0.3408221900463104,1.357936978340149,0.2704460322856903
453,-1.8361436128616333,2.354945182800293,-0.33421745896339417,1.835923194885254,0.22041825950145721
454,-2.4931528568267822,2.362565755844116,-0.28046706318855286,2.4929282665252686,0.22467903792858124
455,-1.9280507564544678,2.253511428833008,-0.3032034933567047,1.927819848060608,0.23092615604400635
456,-2.587223529815674,2.317331314086914,-0.26170578598976135,2.5869970321655273,0.2266048640012741
457,-3.0435848236083984,2.261251211166382,-0.25108447670936584,3.0434353351593018,0.14958229660987854
458,-3.4320313930511475,1.983168601989746,-0.21590740978717804,3.4318790435791016,0.15243567526340485
459,-2.032357692718506,2.3667895793914795,-0.32587918639183044,2.032254219055176,0.10343555361032486
460,-2.6903367042541504,2.3325605392456055,-0.26502108573913574,2.6902272701263428,0.109383724629879
461,-3.520692825317383,2.4263975620269775,-0.20952339470386505,3.5205485820770264,0.14419281482696533
462,-2.561448335647583,2.27103590965271,-0.2965081036090851,2.561384916305542,0.06333806365728378
463,-3.691204786300659,2.1661746501922607,-0.17188261449337006,3.6910383701324463,0.1664581000804901
464,-3.0635735988616943,2.1141700744628906,-0.2467045783996582,3.06354022026062,0.03341067209839821
465,-2.2596302032470703,2.160738706588745,-0.31111976504325867,2.259648561477661,-0.01844690926373005
466,-2.8058953285217285,2.130248546600342,-0.2876608669757843,2.805922269821167,-0.026872143149375916
467,-2.696793556213379,2.166095495223999,-0.3005600571632385,2.696856737136841,-0.06318341940641403
468,-3.537386894226074,1.983873724937439,-0.2421974092721939,3.5374038219451904,-0.016985736787319183
469,-2.3592793941497803,2.045480489730835,-0.3322041928768158,2.3593780994415283,-0.0987754538655281
470,-3.259908437728882,2.0707011222839355,-0.26723888516426086,3.2600090503692627,-0.10064487904310226
471,-3.333306074142456,2.1197245121002197,-0.27297481894493103,3.3334157466888428,-0.10958673804998398
472,-2.8919544219970703,1.9000873565673828,-0.2961065173149109,2.892118453979492,-0.16394127905368805
473,-3.967095375061035,1.7959448099136353,-0.20783770084381104,3.9672470092773438,-0.15169250965118408
474,-2.735133647918701,1.9218645095825195,-0.3300141990184784,2.7353756427764893,-0.24207504093647003
475,-3.4859678745269775,2.1232986450195312,-0.27974429726600647,3.4862232208251953,-0.25527605414390564
476,-3.5853333473205566,2.0037379264831543,-0.2642469108104706,3.5856151580810547,-0.2817440330982208
477,-3.1630959510803223,1.7993507385253906,-0.30372941493988037,3.1634159088134766,-0.31997713446617126
478,-3.245614767074585,1.8601094484329224,-0.2790807783603668,3.2459213733673096,-0.30670279264450073
479,-3.3694424629211426,1.9211820363998413,-0.2737503945827484,3.369783401489258,-0.34085342288017273
480,-4.344671726226807,1.9048115015029907,-0.20306146144866943,4.344954967498779,-0.28319093585014343
481,-3.751840114593506,1.8819551467895508,-0.26986709237098694,3.7522261142730713,-0.38607057929039
482,-3.7505528926849365,1.8496464490890503,-0.2701244056224823,3.7509803771972656,-0.4274347126483917
483,-3.976795196533203,1.9974557161331177,-0.2459433227777481,3.9771926403045654,-0.39738765358924866
484,-3.9436819553375244,1.7664109468460083,-0.2506558895111084,3.944154739379883,-0.4728792607784271
485,-3.95291805267334,1.9022674560546875,-0.25184711813926697,3.953439712524414,-0.5215842127799988
486,-4.818445205688477,1.8156137466430664,-0.19610750675201416,4.818929672241211,-0.4842332601547241
487,-4.008645534515381,1.7680059671401978,-0.25254562497138977,4.0092291831970215,-0.5835636258125305
488,-4.125673294067383,1.8927096128463745,-0.2504899203777313,4.126253604888916,-0.5801460146903992
489,-4.247982025146484,1.7619673013687134,-0.24964141845703125,4.248620510101318,-0.6383047103881836
490,-4.164181232452393,1.816748023033142,-0.23194634914398193,4.164774417877197,-0.593248188495636
491,-5.018147945404053,1.7137222290039062,-0.173136904835701,5.018710613250732,-0.5624967813491821
492,-4.037503719329834,1.8278411626815796,-0.2467636615037918,4.038142681121826,-0.6390331983566284
493,-4.7946343421936035,1.7321454286575317,-0.18782128393650055,4.795252323150635,-0.6180828213691711
494,-4.960127353668213,1.6740127801895142,-0.19122815132141113,4.960848331451416,-0.7210707664489746
495,-5.09581184387207,1.8336009979248047,-0.17597021162509918,5.096455097198486,-0.6432117819786072
496,-4.770450115203857,1.9010720252990723,-0.21949879825115204,4.771110534667969,-0.6603193283081055
497,-3.938711643218994,1.6920744180679321,-0.2842364013195038,3.939513921737671,-0.8023670315742493
498,-5.133824825286865,1.7312450408935547,-0.20429925620555878,5.134613990783691,-0.7891948819160461
499,-5.529260158538818,1.8799381256103516,-0.15410096943378448,5.530023097991943,-0.7630322575569153
500,-5.196627140045166,1.7514976263046265,-0.19224558770656586,5.197465419769287,-0.8384502530097961
